City_ID,City,Lat,Lng,Max Temp,Humidity,Cloudiness,Wind Speed,Country,Date
0,Albany,42.6001,-73.9662,28.27,44,100,2.24,US,1681586846
1,Mayumba,-3.432,10.6554,26.4,84,60,2.18,GA,1681587003
2,Dikson,73.5069,80.5464,-18.28,100,100,4.31,RU,1681587005
3,Sørland,67.667,12.6934,6.92,86,100,3.68,NO,1681587006
4,Geraldton,-28.7667,114.6,10.23,93,0,2.57,AU,1681587006
5,Esperance,-33.8667,121.9,17.02,77,100,8.09,AU,1681587007
6,Newton,42.337,-71.2092,27.09,54,40,5.66,US,1681587007
7,Dekar,-21.5333,21.9333,22.79,28,32,3.44,BW,1681587011
8,Ushuaia,-54.8,-68.3,7.79,70,0,1.54,AR,1681587012
9,Chara,56.9064,118.2631,-7.12,83,100,0.61,RU,1681587012
10,Griffith,41.5284,-87.4237,28.5,46,100,7.72,US,1681587012
11,Chui,-33.6971,-53.4616,16.5,63,92,3.44,UY,1681587013
12,Punta Arenas,-53.15,-70.9167,8.06,81,100,5.14,CL,1681587014
13,Guerrero Negro,27.9769,-114.0611,18.41,53,0,6.24,MX,1681587021
14,Lokosovo,61.1333,74.8167,-12.37,89,98,6.24,RU,1681587022
15,Bengkulu,-3.8004,102.2655,24.22,91,100,2.11,ID,1681587022
16,Provideniya,64.3833,-173.3,-11.81,67,100,1.68,RU,1681587022
17,Tazmalt,36.3868,4.3989,13.52,71,6,2.31,DZ,1681587022
18,Moose Factory,51.2585,-80.6094,5.0,60,75,5.14,CA,1681587022
19,Gigmoto,13.7796,124.39,26.38,85,27,2.87,PH,1681587024
20,Okhotsk,59.3833,143.3,-7.68,97,99,3.15,RU,1681587024
21,Bredasdorp,-34.5322,20.0403,13.79,81,5,1.55,ZA,1681587025
22,Rikitea,-23.1203,-134.9692,25.7,67,0,3.01,PF,1681587025
23,Mount Gambier,-37.8333,140.7667,10.42,84,18,3.73,AU,1681587026
24,Dois Vizinhos,-25.7336,-53.0572,21.92,87,72,0.54,BR,1681587026
25,Thompson,55.7435,-97.8558,4.09,35,20,3.6,CA,1681587011
26,Port Elizabeth,-33.918,25.5701,16.16,88,0,3.09,ZA,1681587026
27,New Norfolk,-42.7826,147.0587,13.29,89,100,0.45,AU,1681587026
28,Talnakh,69.4865,88.3972,-30.86,85,2,1.62,RU,1681587026
29,Huarmey,-10.0681,-78.1522,26.57,73,98,2.82,PE,1681587027
30,Mataura,-46.1927,168.8643,11.38,87,97,1.26,NZ,1681587028
31,Baykit,61.67,96.37,-25.56,100,57,0.6,RU,1681587028
32,Fort-Shevchenko,44.5086,50.263,6.3,70,100,10.21,KZ,1681587028
33,Port Alfred,-33.5906,26.891,13.99,88,61,0.89,ZA,1681587029
34,Arraial do Cabo,-22.9661,-42.0278,25.98,78,40,5.66,BR,1681587029
35,Klyuchi,52.2667,79.1667,-4.77,89,100,2.54,RU,1681587030
36,Nanortalik,60.1432,-45.2371,2.65,76,100,2.47,GL,1681587031
37,Ixtapa,20.7,-105.2,26.57,50,20,4.63,MX,1681587031
38,Klaksvík,62.2266,-6.589,7.51,86,12,5.75,FO,1681587031
39,Codrington,-38.2667,141.9667,12.46,80,99,6.26,AU,1681587032
40,Saint-Philippe,-21.3585,55.7679,24.77,85,33,2.02,RE,1681587032
41,Cabo San Lucas,22.8909,-109.9124,26.45,56,0,0.0,MX,1681587017
42,Angoche,-16.2325,39.9086,25.26,83,89,4.74,MZ,1681587034
43,Kapoeta,4.7717,33.5903,25.7,65,93,5.33,SS,1681587035
44,Cherskiy,68.75,161.3,-15.57,88,45,1.63,RU,1681587036
45,Caucaia,-3.7361,-38.6531,28.97,75,75,5.14,BR,1681587036
46,Hithadhoo,-0.6,73.0833,28.82,69,100,4.07,MV,1681587036
47,Bluff,-46.6,168.3333,11.56,87,90,2.84,NZ,1681587037
48,Rocha,-34.4833,-54.3333,16.07,58,12,4.27,UY,1681587037
49,Walvis Bay,-22.9575,14.5053,17.53,77,35,2.06,NA,1681587037
50,Russell,32.3502,-85.1999,28.84,44,0,0.0,US,1681587037
51,Tuktoyaktuk,69.4541,-133.0374,-16.0,85,100,4.12,CA,1681587038
52,Santa Maria,-29.6842,-53.8069,24.61,65,75,5.66,BR,1681586798
53,Jamestown,42.097,-79.2353,24.8,35,0,1.54,US,1681587038
54,Cooma,-36.2333,149.1333,12.12,87,100,2.85,AU,1681587038
55,Kenai,60.5544,-151.2583,3.05,69,100,4.12,US,1681587039
56,Kiryat Gat,31.61,34.7642,20.22,100,0,1.19,IL,1681587039
57,Alofi,-19.0595,-169.9187,22.94,88,75,1.03,NU,1681587040
58,Atuona,-9.8,-139.0333,27.23,74,7,6.22,PF,1681587040
59,Luwuk,-0.9516,122.7875,25.48,88,89,0.52,ID,1681587040
60,Tsabong,-26.0217,22.401,19.74,14,0,3.77,BW,1681587040
61,Buala,-8.145,159.5921,25.91,83,98,2.63,SB,1681587040
62,Pittsfield,42.4501,-73.2454,27.36,48,20,5.66,US,1681586965
63,Tasiilaq,65.6145,-37.6368,3.09,89,100,4.13,GL,1681587041
64,Celestún,20.8667,-90.4,31.32,58,0,4.3,MX,1681587041
65,Miles City,46.4083,-105.8406,8.54,36,100,1.54,US,1681587041
66,Fayaoué,-20.65,166.5333,27.82,78,100,11.31,NC,1681587041
67,Kahului,20.8947,-156.47,25.54,79,40,5.14,US,1681587041
68,Yandyki,45.7691,47.1258,4.96,59,100,5.78,RU,1681587042
69,Busselton,-33.65,115.3333,16.91,80,99,3.71,AU,1681587042
70,Aksay,47.26,39.87,6.12,92,20,3.58,RU,1681587042
71,Hermanus,-34.4187,19.2345,12.67,75,3,3.63,ZA,1681587042
72,Kruisfontein,-34.0033,24.7314,11.73,71,7,1.45,ZA,1681587042
73,Pisco,-13.7,-76.2167,28.03,57,0,5.14,PE,1681587043
74,Esim,4.8699,-2.2405,27.21,82,100,2.14,GH,1681587043
75,Bathsheba,13.2167,-59.5167,29.34,61,40,8.75,BB,1681587043
76,Puerto Ayora,-0.7393,-90.3518,31.98,87,78,4.02,EC,1681587044
77,Boshan,36.4833,117.8333,9.06,48,0,1.36,CN,1681587044
78,Lázaro Cárdenas,17.9583,-102.2,29.35,55,0,5.45,MX,1681587044
79,Vaini,-21.2,-175.2,25.09,88,75,5.14,TO,1681587044
80,Kapaa,22.0752,-159.319,24.55,67,0,7.2,US,1681587044
81,Olinda,-8.0089,-34.8553,28.85,65,40,3.09,BR,1681586682
82,Te Anau,-45.4167,167.7167,9.2,81,100,0.34,NZ,1681587045
83,Lompoc,34.6391,-120.4579,19.45,73,0,3.6,US,1681587045
84,Dingle,10.9995,122.6711,25.43,84,77,0.68,PH,1681587045
85,Yellowknife,62.456,-114.3525,4.29,56,75,8.23,CA,1681586963
86,Cidreira,-30.1811,-50.2056,19.89,86,100,6.0,BR,1681587046
87,Borogontsy,62.6683,131.1683,-4.57,94,92,3.63,RU,1681587048
88,Muzaffarabad,34.37,73.4711,19.64,63,100,3.17,PK,1681587048
89,Havre-St-Pierre,50.2334,-63.5986,3.2,56,75,4.63,CA,1681587048
90,Methóni,36.8197,21.7049,16.23,73,100,3.32,GR,1681587049
91,Lagoa,39.05,-27.9833,17.02,85,26,7.91,PT,1681587049
92,Mount Isa,-20.7333,139.5,18.87,82,100,6.17,AU,1681587049
93,Onega,63.9061,38.1404,-2.88,84,100,1.12,RU,1681587049
94,Mossamedes,-15.1961,12.1522,24.25,73,61,1.86,AO,1681587049
95,Chokurdakh,70.6333,147.9167,-14.68,96,87,4.29,RU,1681587050
96,Phan Thiet,10.9333,108.1,25.54,88,100,0.22,VN,1681587050
97,Hobart,-42.8794,147.3294,13.48,95,100,4.63,AU,1681586844
98,Baraboo,43.4711,-89.7443,27.19,43,75,8.23,US,1681587040
99,Poum,-20.2333,164.0167,25.99,78,100,6.04,NC,1681587051
100,Tiksi,71.6872,128.8694,-18.61,100,100,2.71,RU,1681587051
101,Ust-Maya,60.4167,134.5333,-9.56,90,81,2.81,RU,1681587051
102,Qaanaaq,77.484,-69.3632,-15.95,96,12,1.27,GL,1681587051
103,Itarema,-2.9248,-39.9167,26.66,87,99,4.02,BR,1681587052
104,São Félix do Xingu,-6.6447,-51.995,30.56,62,100,1.61,BR,1681586764
105,Mushie,-3.0167,16.9,25.33,79,38,1.76,CD,1681587052
106,Cairns,-16.9167,145.7667,25.04,100,95,1.03,AU,1681587052
107,Poddor'ye,57.4695,31.1156,3.01,55,100,3.36,RU,1681587053
108,Avarua,-21.2078,-159.775,26.03,69,20,1.54,CK,1681587053
109,Vardø,70.3705,31.1107,-1.01,59,3,0.0,NO,1681587053
110,Manadhoo,5.7667,73.3833,28.07,75,69,1.33,MV,1681587054
111,Hirara,24.8,125.2833,20.92,94,100,5.14,JP,1681587054
112,Denpasar,-8.65,115.2167,26.81,83,75,3.09,ID,1681586960
113,Auki,-8.7676,160.7034,25.59,88,99,4.29,SB,1681587054
114,Santa Cruz de la Sierra,-17.8,-63.1667,21.03,88,100,2.06,BO,1681586801
115,Carnarvon,-24.8667,113.6333,18.8,39,3,7.23,AU,1681587055
116,Lesosibirsk,58.2358,92.4828,-13.78,96,72,1.14,RU,1681587055
117,Beringovskiy,63.05,179.3167,-13.95,72,21,2.36,RU,1681587055
118,Chake Chake,-5.2459,39.7666,26.04,83,100,2.1,TZ,1681587055
119,Larsnes,62.2028,5.5773,10.25,85,100,0.58,NO,1681587056
120,Barrow,71.2906,-156.7887,-21.99,77,0,4.12,US,1681586821
121,Valuyki,50.2035,38.1067,4.39,73,99,3.98,RU,1681587056
122,Itoman,26.1247,127.6694,21.01,80,75,6.17,JP,1681587056
123,Bang Saphan,11.2126,99.5117,24.95,85,41,3.38,TH,1681587056
124,Ilhabela,-23.7781,-45.3581,23.5,88,45,2.05,BR,1681587057
125,La Baule-Escoublac,47.2922,-2.364,12.81,83,0,3.6,FR,1681586785
126,Sechura,-5.5569,-80.8222,28.19,69,100,3.51,PE,1681587057
127,Vidim,56.4088,103.1106,-12.07,98,60,0.8,RU,1681587057
128,Lavrentiya,65.5833,-171.0,-15.78,76,83,0.56,RU,1681587057
129,Atikokan,48.7555,-91.6216,0.92,95,100,3.94,CA,1681587057
130,Port Lincoln,-34.7333,135.8667,14.4,55,100,6.48,AU,1681587058
131,Wewak,-3.5534,143.6268,25.76,89,100,5.9,PG,1681587058
132,Huntsville,34.7304,-86.5861,27.92,50,75,4.47,US,1681587058
133,Kavieng,-2.5744,150.7967,27.43,78,100,1.63,PG,1681587058
134,Daund,18.4667,74.6,29.31,35,53,2.26,IN,1681586927
135,Rawson,-43.3002,-65.1023,13.91,49,11,2.46,AR,1681587059
136,Upernavik,72.7868,-56.1549,-11.53,94,95,4.21,GL,1681587059
137,Tadine,-21.55,167.8833,25.51,85,100,8.1,NC,1681587059
138,Bousso,10.4795,16.7117,36.53,12,57,4.13,TD,1681586772
139,Umm Kaddadah,13.6017,26.6876,29.24,13,69,4.95,SD,1681587060
140,Nānākuli,21.3906,-158.1547,25.97,57,20,4.12,US,1681587060
141,Kununurra,-15.7667,128.7333,24.99,100,100,0.0,AU,1681587060
142,Haines Junction,60.7522,-137.5108,5.97,36,100,2.57,CA,1681587060
143,Pangnirtung,66.1451,-65.7125,-7.0,86,0,4.63,CA,1681587061
144,Alice Springs,-23.7,133.8833,8.75,100,9,3.09,AU,1681587060
145,Ciudad Bolivar,8.1222,-63.5497,33.09,44,100,7.05,VE,1681587062
146,Jiangyou,31.7667,104.7167,18.66,72,0,2.06,CN,1681587062
147,Kabalo,-6.05,26.9167,22.08,95,100,1.53,CD,1681587062
148,Warrnambool,-38.3833,142.4833,12.8,83,100,6.31,AU,1681587037
149,Ancud,-41.8697,-73.8203,13.43,64,0,2.12,CL,1681587062
150,Visnes,59.3556,5.2242,7.34,93,22,4.12,NO,1681587062
151,Hilo,19.7297,-155.09,27.38,69,20,2.06,US,1681586767
152,Laguna,38.421,-121.4238,20.65,56,5,0.89,US,1681587063
153,Auray,47.6703,-2.9918,12.08,85,69,3.89,FR,1681587063
154,Kroya,-7.6331,109.2461,25.71,84,78,1.06,ID,1681587063
155,George Town,5.4112,100.3354,29.97,80,20,4.12,MY,1681586790
156,Krivodol,43.3744,23.4844,11.49,72,100,1.15,BG,1681587067
157,Dakar,14.6937,-17.4441,28.49,69,0,5.14,SN,1681587001
158,Vila Velha,-20.3297,-40.2925,26.08,86,75,3.09,BR,1681587068
159,Marawi,7.9986,124.2928,20.95,92,96,0.58,PH,1681587068
160,Trairi,-3.2778,-39.2689,26.07,90,100,3.76,BR,1681586793
161,Dongdu,35.85,117.7,9.97,57,0,1.25,CN,1681587068
162,Necochea,-38.5473,-58.7368,14.28,52,99,2.11,AR,1681587068
163,Le Port,-20.9373,55.2919,25.0,94,5,0.63,RE,1681587071
164,Aklavik,68.2191,-135.0107,-15.0,66,75,5.14,CA,1681587071
165,Karachi,24.9056,67.0822,25.9,83,44,2.06,PK,1681586776
166,Baculin,7.4525,126.5842,25.43,86,33,1.63,PH,1681587072
167,Cape Town,-33.9258,18.4232,17.17,74,0,7.6,ZA,1681587072
168,Kumul,42.8,93.45,18.4,19,6,2.85,CN,1681587073
169,Ribeira Grande,38.5167,-28.7,18.22,94,75,7.6,PT,1681587074
170,Iqaluit,63.7506,-68.5145,-6.15,79,100,11.32,CA,1681586987
171,Verkhnevilyuysk,63.4453,120.3167,-8.93,96,88,2.61,RU,1681587075
172,Rosarito,32.3333,-117.0333,21.24,71,3,4.89,MX,1681587075
173,Tomatlán,19.9333,-105.25,36.8,22,0,7.15,MX,1681587075
174,San Cristobal,7.7669,-72.225,27.1,37,99,2.68,VE,1681586858
175,Khatanga,71.9667,102.5,-17.54,98,98,3.07,RU,1681587075
176,Nakasongola,1.3089,32.4564,20.01,82,4,2.08,UG,1681586836
177,Saint Paul Harbor,57.79,-152.4072,-2.27,74,100,9.26,US,1681587076
178,Galveston,29.3669,-94.9669,32.79,74,0,6.69,US,1681586946
179,Chicama,-7.8447,-79.1469,28.3,70,99,2.25,PE,1681587077
180,Saint George,37.1041,-113.5841,21.35,17,0,1.54,US,1681586938
181,Raudeberg,61.9875,5.1352,6.64,65,80,1.03,NO,1681587077
182,Grand Gaube,-20.0064,57.6608,25.22,81,98,1.34,MU,1681587078
183,Eha Amufu,6.6592,7.7596,28.21,71,85,3.12,NG,1681587078
184,Anadyr,64.75,177.4833,-16.72,71,0,5.0,RU,1681587078
185,Torbay,47.6666,-52.7314,6.53,71,20,12.35,CA,1681587079
186,Lamu,-2.2717,40.902,29.12,79,91,4.65,KE,1681587079
187,Ponta do Sol,32.6667,-17.1,20.4,75,0,2.49,PT,1681587079
188,Oranjemund,-28.55,16.4333,19.52,39,0,5.59,NA,1681587080
189,Sakaiminato,35.55,133.2333,12.99,88,75,5.14,JP,1681586894
190,Palmerston North,-40.35,175.6167,12.81,93,92,2.25,NZ,1681587080
191,Castro,-24.7911,-50.0119,20.04,82,69,2.07,BR,1681587080
192,Moratuwa,6.773,79.8816,25.01,78,100,1.68,LK,1681587081
193,Pevek,69.7008,170.3133,-17.43,92,99,2.96,RU,1681587081
194,Lebu,-37.6167,-73.65,13.75,70,0,8.14,CL,1681587081
195,Yangambi,0.8102,24.4336,24.16,80,84,1.2,CD,1681587082
196,Manbij,36.5281,37.9549,15.55,48,97,2.5,SY,1681587082
197,Labuhan,-6.8844,112.2051,24.64,90,64,4.48,ID,1681587083
198,Duliby,49.2313,23.8153,7.59,84,100,1.93,UA,1681587083
199,Comodoro Rivadavia,-45.8667,-67.5,17.92,17,0,5.66,AR,1681587083
200,Campbell River,50.0163,-125.2446,10.21,71,100,8.23,CA,1681587014
201,Kaitangata,-46.2817,169.8464,9.96,87,13,1.5,NZ,1681587084
202,Terrace Bay,48.7834,-87.1,10.31,86,39,3.73,CA,1681587084
203,Kavaratti,10.5669,72.642,28.5,77,93,2.37,IN,1681587084
204,Presidencia Roque Sáenz Peña,-26.7852,-60.4388,26.18,53,76,2.61,AR,1681587085
205,Ilulissat,69.2167,-51.1,0.01,69,20,2.06,GL,1681587085
206,Praia,14.9215,-23.5087,29.3,21,0,8.75,CV,1681587085
207,Lata,40.1629,-8.3327,15.6,95,0,1.42,PT,1681587086
208,Kasane,-17.8167,25.15,19.23,41,0,1.69,BW,1681587087
209,Ugra,54.7777,34.3267,2.13,49,93,3.11,RU,1681587087
210,Butaritari,3.0707,172.7902,27.83,75,84,6.17,KI,1681587087
211,Den Helder,52.9599,4.7593,8.32,80,100,6.26,NL,1681587088
212,Radeče,46.0681,15.1839,8.29,88,100,0.54,SI,1681587088
213,Zhigansk,66.7697,123.3711,-13.59,94,100,2.42,RU,1681587089
214,Thinadhoo,0.5333,72.9333,27.76,77,74,3.25,MV,1681587089
215,College,64.8569,-147.8028,-1.22,55,20,2.57,US,1681587089
216,Bulgan,48.8125,103.5347,5.61,65,100,1.34,MN,1681587090
217,Ternate,0.8,127.4,26.98,80,85,1.69,ID,1681587090
218,Bonavista,48.6499,-53.1147,0.78,84,100,12.58,CA,1681587090
219,Airai,-8.9266,125.4092,15.77,93,100,0.29,TL,1681587090
220,Bayan,46.0833,127.4,3.81,58,81,3.4,CN,1681587090
221,Kaeo,-35.1,173.7833,19.07,86,100,7.95,NZ,1681587091
222,East London,-33.0153,27.9116,17.77,68,95,3.1,ZA,1681586953
223,Lüderitz,-26.6481,15.1594,21.7,39,0,3.62,NA,1681587091
224,Divnoye,45.9089,43.3547,4.4,79,99,1.81,RU,1681587091
225,Nantucket,41.2835,-70.0995,21.08,82,75,4.63,US,1681587091
226,Weiz,47.2167,15.6167,7.29,96,100,1.47,AT,1681587092
227,Port Hedland,-20.3167,118.5667,16.03,67,81,3.6,AU,1681587092
228,High Level,58.5169,-117.136,8.06,49,20,3.09,CA,1681587005
229,Conceição do Araguaia,-8.2578,-49.2647,30.77,68,32,1.08,BR,1681587093
230,Chamba,32.5667,76.1333,19.27,40,98,5.01,IN,1681587093
231,São Filipe,14.8961,-24.4956,24.98,72,0,2.88,CV,1681587093
232,Namatanai,-3.6667,152.4333,26.16,80,100,3.12,PG,1681587093
233,Bambous Virieux,-20.3428,57.7575,25.14,88,40,1.54,MU,1681587094
234,Port Hardy,50.6996,-127.4199,7.1,93,100,3.6,CA,1681587090
235,La Romana,18.4273,-68.9728,32.2,51,40,5.14,DO,1681587094
236,Kloulklubed,7.0419,134.2556,25.28,70,47,2.45,PW,1681587095
237,Saryg-Sep,51.5,95.6,-1.78,97,100,1.04,RU,1681587095
238,Beyneu,45.3167,55.2,3.7,67,100,11.05,KZ,1681587095
239,Rørvik,64.8621,11.2373,8.06,46,100,2.06,NO,1681587095
240,Mazamari,-11.3258,-74.5308,31.53,50,100,1.17,PE,1681587095
241,Narsaq,60.9167,-46.05,10.12,71,98,3.22,GL,1681587096
242,Harper,4.375,-7.7169,27.63,83,100,3.49,LR,1681587096
243,Ambon City,-3.6954,128.1814,23.08,94,20,3.6,ID,1681587096
244,Salalah,17.0151,54.0924,27.79,68,0,1.66,OM,1681587097
245,Malbork,54.0359,19.0266,10.02,94,100,4.83,PL,1681587097
246,Muros,42.7762,-9.0603,17.87,86,0,3.67,ES,1681587097
247,Redcliffe,-27.2307,153.0973,18.01,88,100,2.57,AU,1681587097
248,Sansepolcro,43.5747,12.143,9.72,94,54,2.42,IT,1681587098
249,Caravelas,-17.7125,-39.2481,26.58,76,7,3.35,BR,1681587098
250,Majene,-3.5403,118.9707,25.64,89,100,1.46,ID,1681587098
251,Aykhal,66.0,111.5,-4.1,97,100,10.01,RU,1681587099
252,Malasila,6.9439,125.1294,22.64,93,38,0.74,PH,1681587100
253,Yar-Sale,66.8333,70.8333,-14.34,85,94,10.88,RU,1681587100
254,Valladolid,41.5833,-4.6667,14.84,56,18,3.98,ES,1681587100
255,San Quintín,30.4833,-115.95,17.57,62,0,5.32,MX,1681587101
256,Abu Kamal,34.4506,40.9171,20.48,36,94,2.59,SY,1681587101
257,Philadelphia,39.9523,-75.1638,26.73,67,75,5.66,US,1681587004
258,Uglekamensk,43.2172,133.2303,4.5,78,100,1.13,RU,1681587101
259,Frederico Westphalen,-27.3592,-53.3944,25.25,66,59,1.36,BR,1681587102
260,Siirt,37.9326,41.9403,10.91,77,18,0.48,TR,1681587102
261,Marzuq,14.4,46.4667,23.76,60,31,2.91,YE,1681587102
262,Hasaki,35.7333,140.8333,14.01,92,100,4.08,JP,1681587102
263,Boddam,57.4667,-1.7833,7.46,84,100,7.68,GB,1681587103
264,Santa Fe,-31.6333,-60.7,23.9,56,82,1.34,AR,1681587098
265,Ostrovnoy,68.0531,39.5131,-5.18,84,5,4.28,RU,1681587103
266,Honiara,-9.4333,159.95,24.72,90,90,2.7,SB,1681587103
267,Rosetta,31.4044,30.4164,16.51,78,0,4.5,EG,1681587103
268,Waipawa,-41.4122,175.5153,10.72,87,18,3.11,NZ,1681587104
269,Meulaboh,4.1363,96.1285,24.36,91,91,1.61,ID,1681587104
270,San Ramon,37.7799,-121.978,18.39,62,0,2.57,US,1681587104
271,Fort Nelson,58.8053,-122.7002,7.75,40,75,2.24,CA,1681587104
272,Piraí,-22.6292,-43.8981,21.49,93,59,2.25,BR,1681587104
273,Maracaí,-22.6106,-50.6672,25.25,80,36,1.34,BR,1681587105
274,Paamiut,61.994,-49.6678,0.66,71,8,5.15,GL,1681587105
275,Beldānga,23.9333,88.25,30.71,16,100,1.45,IN,1681587105
276,Clyde River,70.4692,-68.5914,-10.87,79,100,10.29,CA,1681587105
277,Dickinson,29.4608,-95.0513,32.78,71,40,6.17,US,1681587105
278,Kampot,10.6167,104.1833,23.03,87,100,3.87,KH,1681587106
279,San Luis,-33.295,-66.3356,13.12,79,100,3.29,AR,1681587106
280,Assiut,27.181,31.1837,24.1,18,0,3.68,EG,1681586966
281,Chapais,49.7834,-74.8492,14.88,78,59,2.31,CA,1681587106
282,Faanui,-16.4833,-151.75,27.28,72,51,1.95,PF,1681587106
283,Manavgat,36.7867,31.4431,15.48,66,100,2.19,TR,1681587107
284,Zaporizhia,47.8167,35.1833,7.14,76,99,5.96,UA,1681587107
285,Hong Kong,22.2855,114.1577,26.22,80,93,1.17,HK,1681586863
286,Port Shepstone,-30.7414,30.455,17.3,74,5,3.49,ZA,1681587108
287,Corumbá,-19.0092,-57.6533,28.95,70,75,2.06,BR,1681587108
288,Bethel,41.3712,-73.414,26.13,88,100,3.6,US,1681587108
289,Novoagansk,61.9449,76.6625,-18.25,93,22,4.81,RU,1681587109
290,Gamba,-2.65,10.0,26.31,83,94,2.3,GA,1681587109
291,Qingdao,36.0986,120.3719,9.78,93,0,3.0,CN,1681587109
292,Camacha,33.0833,-16.3333,16.68,72,75,5.66,PT,1681587110
293,Lubao,14.9167,120.55,28.84,85,100,0.64,PH,1681587110
294,Egvekinot,66.3167,-179.1667,-17.62,84,100,0.12,RU,1681587110
295,Ugoofaaru,5.6667,73.0,27.95,75,56,0.81,MV,1681587110
296,Eureka,40.8021,-124.1637,15.93,66,92,1.34,US,1681587110
297,Opelousas,30.5335,-92.0815,22.01,83,100,2.06,US,1681586906
298,Esso,55.9333,158.7,-4.05,97,98,1.87,RU,1681587111
299,Longjiang,47.3303,123.1836,2.41,45,5,3.42,CN,1681587111
300,Byron Bay,-28.65,153.6167,17.62,84,100,4.15,AU,1681587111
301,Fortuna,40.5982,-124.1573,13.53,71,99,0.89,US,1681586447
302,Cap Malheureux,-19.9842,57.6142,25.26,81,97,1.34,MU,1681587112
303,Sakakah,29.9697,40.2064,19.76,49,79,4.64,SA,1681587112
304,Vila Franca do Campo,37.7167,-25.4333,17.23,86,100,5.58,PT,1681587112
305,Souillac,-20.5167,57.5167,25.21,88,40,1.54,MU,1681587112
306,Omsukchan,62.5333,155.8,-16.31,100,97,1.93,RU,1681587112
307,La Ronge,55.1001,-105.2842,7.12,52,75,1.03,CA,1681587113
308,Srednekolymsk,67.45,153.6833,-14.3,94,52,1.96,RU,1681587113
309,Bubaque,11.2833,-15.8333,25.94,86,0,9.68,GW,1681587113
310,Khāsh,28.2211,61.2158,21.07,19,80,1.09,IR,1681587114
311,Shenjiamen,29.9576,122.298,14.4,93,0,6.35,CN,1681587114
312,Tiarei,-17.5333,-149.3333,25.01,77,18,4.94,PF,1681587114
313,Mil'kovo,54.7167,158.6167,-1.7,97,100,2.25,RU,1681587115
314,Nikolskoye,59.7035,30.7861,6.0,55,100,2.7,RU,1681587115
315,San Policarpo,12.1791,125.5072,26.1,86,69,3.43,PH,1681587115
316,Ekhabi,53.5102,142.9671,-7.55,97,39,2.65,RU,1681587115
317,Hermon,44.8101,-68.9134,22.53,31,40,7.2,US,1681587116
318,Severnoye,56.3491,78.3619,-6.45,75,100,3.15,RU,1681587116
319,Santander,43.4647,-3.8044,13.62,92,75,3.13,ES,1681587116
320,North Bend,43.4065,-124.2243,14.58,66,100,5.14,US,1681587037
321,Katsuura,35.1333,140.3,16.26,97,100,6.36,JP,1681586858
322,Varzelândia,-15.7014,-44.0275,33.08,26,99,1.47,BR,1681587117
323,Severo-Kuril'sk,50.6789,156.125,-1.41,83,36,2.81,RU,1681587117
324,Chibuto,-24.6867,33.5306,19.83,70,20,2.17,MZ,1681587117
325,Ribas do Rio Pardo,-20.4431,-53.7592,27.53,72,67,0.75,BR,1681587117
326,Nombre de Dios,23.85,-104.2333,23.75,12,4,4.6,MX,1681587117
327,Caucayá,-0.1934,-74.7819,28.57,82,99,0.23,CO,1681587118
328,Mar del Plata,-38.0023,-57.5575,19.49,53,75,2.57,AR,1681587118
329,Hofn,64.2539,-15.2082,6.43,80,61,1.41,IS,1681587118
330,Akureyri,65.6835,-18.0878,4.96,75,20,4.63,IS,1681587118
331,Biloela,-24.4167,150.5,16.02,89,61,1.25,AU,1681587118
332,Badou,7.5833,0.6,25.29,82,86,2.7,TG,1681587119
333,Marsabit,2.3284,37.9899,20.29,73,50,4.75,KE,1681587119
334,Fare,-16.7,-151.0167,27.24,75,50,4.25,PF,1681587119
335,Tuljāpur,18.0,76.0833,28.56,33,55,4.19,IN,1681587119
336,Cururupu,-1.8283,-44.8683,27.64,79,85,2.16,BR,1681587119
337,Makkah al Mukarramah,21.4267,39.8261,26.46,70,4,1.22,SA,1681587119
338,Decatur,39.8403,-88.9548,24.99,56,20,4.12,US,1681587120
339,Skibbereen,51.55,-9.2667,10.06,99,100,3.59,IE,1681587120
340,Kutum,14.2,24.6667,27.27,18,91,1.41,SD,1681587120
341,Norman Wells,65.282,-126.8329,-10.98,85,100,2.06,CA,1681587116
342,Buraidah,26.326,43.975,16.25,84,100,6.64,SA,1681587121
343,Palmer,42.1584,-72.3287,26.43,47,40,5.66,US,1681587032
344,Erzin,36.9559,36.2,16.86,53,100,3.34,TR,1681587121
345,Havøysund,70.9963,24.6622,2.13,55,8,2.67,NO,1681587121
346,Sambava,-14.2667,50.1667,25.56,85,38,4.46,MG,1681587122
347,Tuatapere,-46.1333,167.6833,10.57,85,99,2.02,NZ,1681587122
348,Opunake,-39.4556,173.8583,14.91,69,100,0.32,NZ,1681587122
349,Aksu,41.1231,80.2644,19.22,17,14,0.83,CN,1681587123
350,Lodja,-3.4833,23.4333,21.57,96,94,0.31,CD,1681587123
351,Finnsnes,69.2296,17.9811,3.34,76,99,1.51,NO,1681587123
352,Goderich,43.7501,-81.7165,22.18,37,40,2.06,CA,1681587102
353,Los Llanos de Aridane,28.6585,-17.9182,17.86,80,40,4.63,ES,1681587124
354,Korla,41.7597,86.1469,17.28,21,0,0.96,CN,1681587124
355,Margate,51.3813,1.3862,9.94,84,6,1.34,GB,1681587124
356,Longyearbyen,78.2186,15.6401,-0.09,93,100,1.54,SJ,1681587095
357,Sémbé,1.6481,14.5806,23.88,85,80,1.23,CG,1681587125
358,Beïnamar,8.6698,15.3813,32.08,33,88,1.61,TD,1681587125
359,Morgan City,29.6994,-91.2068,21.0,94,75,4.63,US,1681587015
360,Prata,-19.3072,-48.9242,25.91,71,67,2.68,BR,1681587126
361,Rudnaya Pristan',44.3614,135.8116,2.6,55,100,7.55,RU,1681587126
362,Asău,46.4333,26.4,9.6,71,75,1.78,RO,1681587127
363,Kieta,-6.2167,155.6333,25.43,84,90,2.19,PG,1681587127
364,Guia Lopes da Laguna,-21.4578,-56.1142,26.73,78,100,0.89,BR,1681587127
365,Daru,-9.0763,143.2092,24.34,92,98,2.38,PG,1681587127
366,Tilichiki,60.4667,166.1,-13.17,94,89,3.72,RU,1681587128
367,San Francisco,37.7749,-122.4194,18.11,69,20,5.66,US,1681586525
368,Charters Towers,-20.1,146.2667,21.26,96,89,3.73,AU,1681587128
369,Duartina,-22.4144,-49.4039,29.64,73,40,1.46,BR,1681587128
370,Bandarbeyla,9.4942,50.8122,27.91,74,21,3.74,SO,1681587129
371,Banikoara,11.2985,2.4386,33.12,25,100,1.84,BJ,1681587129
372,Forsytheganj,52.6333,29.7333,7.49,71,100,6.46,BY,1681587129
373,Orange Cove,36.6244,-119.3137,22.91,40,0,1.54,US,1681587130
374,Avera,33.194,-82.5271,27.03,43,28,3.8,US,1681587130
375,Lorengau,-2.0226,147.2712,27.73,80,96,5.44,PG,1681587130
376,Syracuse,37.0881,15.2792,14.77,78,5,6.28,IT,1681587131
377,São João da Barra,-21.6403,-41.0511,32.05,86,26,3.98,BR,1681587131
378,Nioro,13.35,-15.75,30.84,42,47,7.06,GM,1681587132
379,Umluj,25.0213,37.2685,25.71,51,0,1.84,SA,1681587132
380,San Patricio,28.017,-97.5169,33.98,37,0,2.44,US,1681587132
381,Kyaikkami,16.08,97.5675,27.94,75,25,4.07,MM,1681587132
382,Mogocha,53.7333,119.7667,-8.21,98,67,0.65,RU,1681587133
383,Āreka,7.0667,37.7,18.17,84,92,1.43,ET,1681587133
384,Kati,12.7441,-8.0726,36.67,11,1,2.0,ML,1681587133
385,Wajir,1.7471,40.0573,30.34,50,93,6.21,KE,1681587134
386,Miyako,39.6367,141.9525,10.41,97,100,1.28,JP,1681587134
387,Topi,34.0704,72.6236,24.3,35,100,3.32,PK,1681587135
388,Okitipupa,6.5047,4.7839,26.09,87,98,1.46,NG,1681587135
389,Talcahuano,-36.7167,-73.1167,17.82,52,0,3.09,CL,1681587135
390,Bereda,43.2686,-7.5406,14.76,89,28,1.36,ES,1681587135
391,Olafsvik,64.8945,-23.7142,5.78,69,88,4.08,IS,1681587136
392,Sampit,-2.5333,112.95,23.9,97,100,0.73,ID,1681587137
393,KwaDukuza,-29.3282,31.2895,13.94,80,2,2.7,ZA,1681587137
394,Mahébourg,-20.4081,57.7,25.16,88,40,1.54,MU,1681587137
395,Sfântu Gheorghe,45.8667,25.7833,7.93,74,30,1.09,RO,1681587137
396,Jinchang,38.4953,102.1739,15.43,17,98,4.51,CN,1681587138
397,Tabou,4.423,-7.3528,27.69,82,100,2.97,CI,1681587138
398,Agadez,19.75,10.25,29.46,9,55,4.8,NE,1681587138
399,Pascagoula,30.3658,-88.5561,23.0,88,100,4.12,US,1681587021
400,Novyye Burasy,52.1324,46.0714,0.06,49,0,3.1,RU,1681587138
401,Prince Rupert,54.3161,-130.3201,7.05,75,75,11.32,CA,1681587002
402,Jérémie,18.65,-74.1167,27.14,76,100,2.02,HT,1681587100
403,Kasongo-Lunda,-6.4667,16.8167,22.27,99,100,0.99,CD,1681587113
404,Berlevåg,70.8578,29.0864,1.89,64,7,1.03,NO,1681587140
405,Chunian,30.964,73.9803,27.92,14,96,3.55,PK,1681587140
406,Constitución,-35.3333,-72.4167,16.42,63,1,6.27,CL,1681587140
407,Bowen,-20.0167,148.2333,25.61,78,99,4.86,AU,1681587110
408,Coquimbo,-29.9533,-71.3436,19.85,63,0,6.69,CL,1681587141
409,Buritizeiro,-17.3511,-44.9622,28.9,51,99,2.35,BR,1681587141
410,Lar,26.2039,83.9717,30.41,14,91,2.87,IN,1681587142
411,Sal Rei,16.1833,-22.9167,25.11,73,0,6.69,CV,1681587142
412,Richards Bay,-28.783,32.0377,17.48,75,0,2.38,ZA,1681587143
413,Samoded,63.6083,40.5111,-3.82,95,99,0.6,RU,1681587143
414,Kelo,9.3086,15.8066,35.08,25,100,1.33,TD,1681587143
415,Inhambane,-23.865,35.3833,21.99,73,20,1.54,MZ,1681586852
416,Fougamou,-1.2154,10.5838,23.57,99,100,1.18,GA,1681587144
417,Nome,64.5011,-165.4064,-12.72,72,0,0.0,US,1681586998
418,Abaeté,-19.16,-45.4458,27.21,63,50,1.43,BR,1681587144
419,Touros,-5.1989,-35.4608,26.26,85,100,5.4,BR,1681587125
420,Pangoa,-12.1167,-73.0,25.33,90,100,0.91,PE,1681587146
421,Korhogo,9.45,-5.6333,31.64,34,81,1.8,CI,1681587146
422,Samarai,-10.6167,150.6667,26.59,72,100,4.26,PG,1681587146
423,Sungai Penuh,-2.0833,101.3833,17.7,97,99,0.44,ID,1681587147
424,Lahad Datu,5.0268,118.327,24.08,94,100,1.29,MY,1681587147
425,Zhovti Vody,48.3473,33.5003,6.56,81,38,6.88,UA,1681587147
426,Yulara,-25.2406,130.9889,11.49,57,0,3.85,AU,1681587148
427,Tabuk,17.4189,121.4443,23.39,94,100,0.43,PH,1681587148
428,Amuntai,-2.4177,115.2494,23.66,96,86,0.38,ID,1681587148
429,Samfya,-11.3649,29.5565,19.32,92,100,4.94,ZM,1681587148
430,Nuevitas,21.5453,-77.2644,28.92,60,85,5.2,CU,1681587149
431,Padang,-0.9492,100.3543,24.99,87,100,0.93,ID,1681587149
432,Sittwe,20.15,92.9,27.34,83,10,1.13,MM,1681586910
433,Kudahuvadhoo,2.6708,72.8944,27.75,75,84,0.95,MV,1681587149
434,Lae,-6.7221,146.9847,24.06,88,100,2.79,PG,1681587150
435,Flinders,-34.5833,150.8552,19.65,73,100,0.89,AU,1681587150
436,Lithakia,37.7167,20.8333,11.65,69,100,1.75,GR,1681587150
437,West Fargo,46.875,-96.9004,3.0,80,100,11.32,US,1681587150
438,Ngunguru,-35.6167,174.5,18.33,79,100,11.2,NZ,1681587151
439,Oddur,4.1213,43.8894,25.64,72,73,7.07,SO,1681587151
440,Paraíso,9.8383,-83.8656,27.48,60,64,1.94,CR,1681587151
441,Piaçabuçu,-10.4056,-36.4344,27.29,70,4,4.0,BR,1681587151
442,Yanam,16.7333,82.2167,26.97,70,83,1.91,IN,1681587152
443,Upata,8.0086,-62.3989,28.44,54,100,3.78,VE,1681587152
444,Bairiki Village,1.3292,172.9752,26.0,83,100,3.09,KI,1681587152
445,Mehamn,71.0357,27.8492,-0.05,74,7,2.57,NO,1681587145
446,Zhangjiakou,40.81,114.8794,4.89,22,34,1.46,CN,1681587152
447,Shakawe,-18.3667,21.85,21.8,32,1,0.89,BW,1681587153
448,Yerbogachën,61.2767,108.0108,-19.46,89,58,4.33,RU,1681587153
449,Simpang,-1.2667,104.0833,23.41,98,99,1.04,ID,1681586947
450,Itarantim,-15.6597,-40.0656,29.15,41,50,2.24,BR,1681587154
451,Maxixe,-23.8597,35.3472,21.9,73,20,1.54,MZ,1681587154
452,Kashgar,39.4547,75.9797,20.56,19,55,5.0,CN,1681587154
453,Hailar,49.2,119.7,1.55,46,96,1.33,CN,1681587154
454,Amapá,1.0,-52.0,26.18,96,30,1.42,BR,1681587155
455,Andenes,69.3143,16.1194,5.52,60,100,4.12,NO,1681587155
456,Dukat,62.55,155.55,-16.55,100,100,1.72,RU,1681587155
457,Natal,-5.795,-35.2094,29.12,65,75,5.14,BR,1681586674
458,Elk City,35.412,-99.4043,17.38,34,0,10.29,US,1681587155
459,Livingston,55.9029,-3.5226,10.47,69,100,2.21,GB,1681587127
460,Jasper,37.2001,-94.3502,25.69,63,75,5.14,US,1681586912
461,Tarakan,3.3,117.6333,27.51,74,77,1.86,ID,1681587156
462,Mesyagutovo,55.5303,58.2528,-0.92,52,4,1.92,RU,1681587156
463,Arrondissement de Clermont,49.5,2.4167,8.8,88,5,4.27,FR,1681587157
464,Garoowe,8.4054,48.4845,25.87,64,1,7.66,SO,1681587157
465,Hualmay,-11.0964,-77.6139,25.74,75,99,3.9,PE,1681587157
466,Mounana,-1.4085,13.1586,22.36,96,98,0.99,GA,1681587157
467,Luanda,-8.8368,13.2343,27.0,94,75,1.54,AO,1681587158
468,Sayyan,15.1718,44.3244,15.44,64,40,1.28,YE,1681587158
469,Marabu,4.4148,114.0089,27.08,94,40,1.03,MY,1681587158
470,Altay,47.8667,88.1167,6.56,91,100,1.48,CN,1681587158
471,Kos,36.8933,27.2889,16.69,83,99,6.41,GR,1681587158
472,Murmashi,68.8154,32.8115,-2.77,63,0,3.13,RU,1681587159
473,Tsiroanomandidy,-18.7667,46.0333,20.06,89,82,0.57,MG,1681587159
474,Sicamous,50.8331,-118.9856,14.54,51,99,2.25,CA,1681587159
475,Coyhaique,-45.5752,-72.0662,14.97,41,0,1.54,CL,1681587152
476,Vilhena,-12.7406,-60.1458,26.12,89,75,3.6,BR,1681587018
477,Coos Bay,43.3665,-124.2179,14.62,66,100,5.14,US,1681586903
478,Magdagachi,53.45,125.8,-2.71,92,93,1.78,RU,1681587160
479,Powell,40.1578,-83.0752,27.68,43,0,2.57,US,1681586918
480,Ban Tak,17.0432,99.0813,24.92,70,25,2.74,TH,1681587160
481,Valparaíso,-33.0393,-71.6273,21.13,60,20,5.66,CL,1681587118
482,Cascais,38.6979,-9.4215,18.3,80,20,9.77,PT,1681587161
483,Kawalu,-7.3817,108.2082,22.61,97,95,0.87,ID,1681587161
484,Obo,5.3998,26.4869,21.21,95,100,1.5,CF,1681587161
485,Tupik,54.4253,119.9327,-8.77,98,85,0.82,RU,1681587161
486,Madang,-5.2246,145.7966,24.09,92,100,2.88,PG,1681587162
487,Kothi,24.75,80.7833,29.9,25,100,3.89,IN,1681587162
488,Kirensk,57.7853,108.1119,-11.39,91,20,2.24,RU,1681587162
489,Uruaçu,-14.5247,-49.1408,28.37,61,91,0.59,BR,1681587162
490,Samaná,19.2056,-69.3369,32.12,62,20,6.17,DO,1681587162
491,Sann,26.0418,68.1378,27.95,56,29,6.41,PK,1681587163
492,Sitka,57.0531,-135.33,6.94,65,100,8.23,US,1681587163
493,Līsakovsk,52.5369,62.4936,-3.68,54,98,4.3,KZ,1681587163
494,Mongomo,1.6274,11.3135,21.57,90,96,1.75,GQ,1681587163
495,Zelenoborskiy,66.845,32.3622,-6.87,98,53,0.68,RU,1681587164
496,Juxtlahuaca,17.4294,-99.1467,35.04,14,2,3.54,MX,1681587164
497,Yarim,14.298,44.3779,13.86,70,49,1.84,YE,1681587164
498,Grand-Lahou,5.1367,-5.0242,27.56,84,100,3.91,CI,1681587164
499,San Ignacio Río Muerto,27.4167,-110.2333,27.29,20,0,4.88,MX,1681587164
500,Karaton,-6.3424,106.1045,23.34,92,97,2.39,ID,1681587165
501,Gamboma,-1.8764,15.8644,26.07,71,11,1.39,CG,1681587165
502,Inírida,3.8653,-67.9239,28.58,79,100,1.63,CO,1681587165
503,Takoradze,4.8845,-1.7554,27.44,82,98,3.37,GH,1681587166
504,Susanville,40.4163,-120.653,14.91,29,0,3.09,US,1681587166
505,Bratsk,56.1325,101.6142,-9.73,93,57,1.8,RU,1681587166
506,Waingapu,-9.6567,120.2641,24.96,83,100,1.82,ID,1681587166
507,Cumpas,29.9833,-109.7833,26.0,15,0,2.39,MX,1681587167
508,Innisfail,-17.5333,146.0333,21.77,90,79,1.39,AU,1681587032
509,Srīvardhan,18.0333,73.0167,26.96,72,0,1.85,IN,1681587167
510,Willowmore,-33.2926,23.4895,14.68,39,6,1.77,ZA,1681587168
511,Mayo,38.8876,-76.5119,25.97,73,75,4.12,US,1681587169
512,Chimbote,-9.0853,-78.5783,27.56,67,100,2.91,PE,1681587169
513,Nizhniy Tsasuchey,50.5167,115.1333,2.71,29,100,5.5,RU,1681587169
514,Ulagan,50.6321,87.9563,4.5,82,57,5.78,RU,1681587169
515,Talaya,61.3833,152.75,-18.93,99,94,1.32,RU,1681587170
516,Key West,24.5557,-81.7826,29.44,74,0,5.14,US,1681587170
517,Amahai,-3.3333,128.9167,25.54,83,62,1.61,ID,1681587170
518,Vao,-22.6667,167.4833,25.58,84,100,9.16,NC,1681587170
519,Serenje,-13.2325,30.2352,16.62,94,100,4.82,ZM,1681587171
520,Marshall,34.3834,-86.3333,27.83,52,40,0.89,US,1681587171
521,Karratha,-20.7377,116.8463,21.6,29,87,7.81,AU,1681587099
522,Barcelos,41.5388,-8.6151,18.25,92,0,3.2,PT,1681587171
523,Port Blair,11.6667,92.75,26.92,76,99,3.09,IN,1681587172
524,Saint-Augustin,51.226,-58.6502,7.84,44,95,5.33,CA,1681587172
525,Pastavy,55.1168,26.8326,7.4,54,100,5.06,BY,1681587172
526,Barranca,-10.75,-77.7667,26.56,69,100,4.45,PE,1681587172
527,Emmendingen,48.121,7.8536,11.62,82,100,1.46,DE,1681587173
528,Sur,22.5667,59.5289,29.35,57,2,1.21,OM,1681587173
529,Tungor,53.3808,142.9564,-7.62,97,35,2.8,RU,1681587173
530,Saskylakh,71.9167,114.0833,-18.72,100,76,1.5,RU,1681587173
531,Avigliana,45.0771,7.3986,14.49,44,18,3.57,IT,1681587173
532,San Jose,37.3394,-121.895,20.05,57,20,4.12,US,1681587037
533,Castlegar,49.2998,-117.6689,13.32,60,85,1.94,CA,1681587038
534,Porto Empedocle,37.2934,13.5264,11.28,88,100,3.7,IT,1681587174
535,Ballina,-28.8667,153.5667,17.66,85,100,3.44,AU,1681587117
536,Fairbanks,64.8378,-147.7164,-1.77,56,20,2.57,US,1681587007
537,Creel,27.75,-107.6333,19.5,16,0,5.0,MX,1681587174
538,Birao,10.2849,22.7882,32.56,30,99,1.97,CF,1681587175
539,Lethem,3.3803,-59.7968,33.54,45,95,4.7,GY,1681587175
540,Gilbués,-9.8317,-45.3439,32.53,38,83,0.93,BR,1681587175
541,Arden,56.769,9.8618,10.11,81,100,3.15,DK,1681587175
542,Yicheng,31.3705,119.8703,14.22,86,4,0.38,CN,1681587175
543,Shetpe,44.1667,52.1167,4.05,71,100,9.11,KZ,1681587175
544,Bosaso,11.2842,49.1816,28.25,71,51,0.59,SO,1681587176
545,Whitecourt,54.1502,-115.6855,10.58,32,40,3.09,CA,1681586923
546,Winneba,5.3511,-0.6231,27.28,85,86,4.18,GH,1681587176
547,Arklow,52.7931,-6.1414,10.04,83,100,4.44,IE,1681586924
548,Ust-Nera,64.5667,143.2,-12.04,97,100,2.15,RU,1681587176
549,Kandrian,-6.2167,149.55,24.29,89,100,1.92,PG,1681587176
550,Praia da Vitória,38.7333,-27.0667,19.14,82,75,10.54,PT,1681587177
551,Songjianghe,42.1859,127.479,0.09,96,12,1.36,CN,1681587177
552,Lyubim,58.3625,40.6843,1.04,56,100,1.58,RU,1681587177
553,Sāveh,35.0213,50.3566,17.0,28,0,1.8,IR,1681587178
554,Isangel,-19.55,169.2667,26.76,83,100,6.81,VU,1681587178
555,Marsh Harbour,26.5412,-77.0636,25.88,73,92,2.96,BS,1681587178
556,Abnūb,27.2696,31.1511,24.12,20,0,4.09,EG,1681587178
557,Faya,18.3851,42.4509,18.06,63,2,0.49,SA,1681587178
558,Bodaybo,57.8506,114.1933,-5.62,96,100,1.26,RU,1681587179
559,Qui Nhon,13.7667,109.2333,25.77,90,100,1.08,VN,1681587179
560,Erenhot,43.6475,111.9767,3.64,22,100,4.81,CN,1681587179
561,Cullera,39.1667,-0.25,23.77,55,8,3.79,ES,1681587179
562,Turbat,26.0023,63.044,28.97,51,0,2.74,PK,1681587179
563,Luancheng,37.8792,114.6517,4.09,34,2,1.6,CN,1681587180
564,Liverpool,53.4106,-2.9779,12.27,70,0,3.09,GB,1681587003
565,Cabedelo,-6.9811,-34.8339,28.37,79,100,4.51,BR,1681587180
566,Dali,25.7,100.1833,15.41,44,100,1.14,CN,1681587180
567,Novoplatnirovskaya,46.1065,39.4191,5.63,80,19,5.53,RU,1681587180
568,Pimentel,-6.8367,-79.9342,29.16,61,75,5.14,PE,1681587180
569,Fortuna Foothills,32.6578,-114.4119,27.05,29,0,2.06,US,1681587181
570,Kasulu,-4.5767,30.1025,17.64,97,85,1.75,TZ,1681587181
571,Manicoré,-5.8092,-61.3003,27.97,83,20,3.6,BR,1681587181
572,Mahajanga,-15.7167,46.3167,28.01,78,20,2.06,MG,1681587182
573,Partizanskoye,55.5006,94.39,-9.29,75,100,2.26,RU,1681587182
574,Saint-François,46.4154,3.9054,8.15,94,100,6.69,FR,1681587182
575,Aleksandrov Gay,50.147,48.5704,1.4,50,0,3.67,RU,1681587182
576,Malé,4.1748,73.5089,28.97,84,40,1.54,MV,1681587182
577,Ahipara,-35.1667,173.1667,18.29,77,100,7.6,NZ,1681587153
578,Arlit,18.7369,7.3853,32.27,11,94,3.59,NE,1681587183
579,Moussoro,13.6408,16.4901,31.46,9,100,4.37,TD,1681587183
580,Gorontalo,0.5412,123.0595,24.06,93,49,0.75,ID,1681587183
581,Kamiiso,41.8167,140.65,6.37,94,100,6.28,JP,1681587184
582,Oksovskiy,62.6062,39.8984,-3.23,95,99,0.21,RU,1681587184
583,Iracoubo,5.4802,-53.2011,26.34,83,100,4.74,GF,1681587185
584,Shitanjing,39.2342,106.3439,12.57,28,14,2.83,CN,1681587185
585,Holsted,55.5109,8.9187,11.06,88,100,3.14,DK,1681587185
586,Sangmélima,2.9333,11.9833,22.39,81,20,1.11,CM,1681587186
587,Tingo María,-9.2895,-76.0088,28.17,74,75,1.03,PE,1681587186
588,Udachny,66.4167,112.4,-4.75,57,100,8.41,RU,1681587186
589,Dhule,20.9,74.7833,30.19,30,13,2.27,IN,1681587186
590,Zabid,14.1951,43.3152,30.98,51,0,2.96,YE,1681587186
591,Scarborough,54.2797,-0.4044,9.39,84,28,2.24,GB,1681587114
592,Tolmachëvo,54.9824,82.7363,-8.01,79,0,1.0,RU,1681587187
